{"name":"Recruit","url":"index.html (等资源+1)","showName":"Recruit","appid":"com.Recruit.app","icon":"","iconRound":true,"state":true,"single":true,"injectJq":true,"tauriApi":false,"devbug":false,"version":"9.1.0","preview":"desktop","platform":["1-1","1-2","2-1","2-2"],"width":800,"height":600,"desc":"","jsFile":[],"filterCss":"","customJs":"console.log(\r\n    '%cbuild from PakePlus： https://github.com/Sjj1024/PakePlus',\r\n    'color:orangered;font-weight:bolder'\r\n)\r\n\r\n// very important, if you don't know what it is, don't touch it\r\n// 非常重要，不懂代码不要动，这里可以解决80%的问题，也可以生产1000+的bug\r\nconst hookClick = (e) => {\r\n    const origin = e.target.closest('a')\r\n    const isBaseTargetBlank = document.querySelector(\r\n        'head base[target=\"_blank\"]'\r\n    )\r\n    console.log('origin', origin, isBaseTargetBlank)\r\n    if (\r\n        (origin && origin.href && origin.target === '_blank') ||\r\n        (origin && origin.href && isBaseTargetBlank)\r\n    ) {\r\n        e.preventDefault()\r\n        console.log('handle origin', origin)\r\n        location.href = origin.href\r\n    } else {\r\n        console.log('not handle origin', origin)\r\n    }\r\n}\r\n\r\nwindow.open = function (url, target, features) {\r\n    console.log('open', url, target, features)\r\n    location.href = url\r\n}\r\n\r\ndocument.addEventListener('click', hookClick, { capture: true })\r\n","isHtml":true,"htmlPath":"C:\\Users\\bilif\\Desktop\\宣传外联部招新-© 2025 学生会宣传外联部. 保留所有权利","htmlFiles":[],"more":{"windows":{"label":"","title":"","url":"index.html (等资源+1)","userAgent":"Mozilla/5.0 (Macintosh; Intel Mac OS X 10_15_7) AppleWebKit/537.36 (KHTML, like Gecko) Chrome/130.0.0.0 Safari/537.36","width":800,"height":600,"theme":null,"resizable":true,"fullscreen":false,"maximized":false,"minWidth":400,"minHeight":300,"maxWidth":1920,"maxHeight":1080,"decorations":true,"transparent":false,"titleBarStyle":"Visible","visible":true,"focus":true,"closable":true,"minimizable":true,"maximizable":true,"alwaysOnTop":false,"alwaysOnBottom":false,"center":false,"skipTaskbar":false,"tabbingIdentifier":null,"parent":null,"dragDropEnabled":true,"browserExtensionsEnabled":false,"devtools":true,"contentProtected":false,"hiddenTitle":false,"incognito":false,"proxyUrl":null,"useHttpsScheme":false,"zoomHotkeysEnabled":false,"acceptFirstMouse":false,"create":false}},"phone":{"safeArea":{"top":0,"bottom":0,"left":0,"right":0},"header":{"show":false,"title":"","backgroundColor":"","color":"","fontSize":16,"fontWeight":"bold","loading":false,"toolBar":false,"toolBarBackgroundColor":"","toolBarColor":"","toolBarFontSize":16,"toolBarFontWeight":"bold"},"siderMenu":{"show":false,"width":0,"backgroundColor":"","color":"","fontSize":16,"fontWeight":"bold","title":"","titleColor":"","titleFontSize":16,"titleFontWeight":"bold"},"tabBar":{"show":false,"backgroundColor":"","color":"","activeColor":"","fontSize":16,"fontWeight":"bold","tabBarItem":[]},"webview":{"userAgent":"","javaScriptEnabled":true,"domStorageEnabled":true,"allowFileAccess":true,"loadWithOverviewMode":true,"setSupportZoom":true,"clearCache":true}},"ios":{"name":"Recruit","showName":"Recruit","version":"9.1.0","webUrl":"index.html (等资源+1)","id":"com.Recruit.app.ios","icon":"./app-icon.png","desc":"Package for personal use only, please do not use for commercial purposes（打包仅限个人使用，请勿传播或商业用途）","pubBody":"Package for personal use only, please do not use for commercial purposes（打包仅限个人使用，请勿传播或商业用途）","isHtml":true,"debug":false},"android":{"name":"Recruit","showName":"Recruit","version":"9.1.0","webUrl":"index.html (等资源+1)","id":"com.Recruit.app.android","icon":"./app-icon.png","input":"./app-icon.png","output":"./res","rounded":true,"copyTo":"./app/src/main/res","androidResDir":"./app/src/main/res","desc":"Package for personal use only, please do not use for commercial purposes（打包仅限个人使用，请勿传播或商业用途）","pubBody":"Package for personal use only, please do not use for commercial purposes（打包仅限个人使用，请勿传播或商业用途）","isHtml":true,"debug":false},"desktop":{"name":"Recruit","showName":"Recruit","version":"9.1.0","id":"com.Recruit.app.desktop","desc":"Package for personal use only, please do not use for commercial purposes（打包仅限个人使用，请勿传播或商业用途，否则后果自负）","webUrl":"index.html (等资源+1)","iconPath":"../app-icon.png","inputPath":"../app-icon.png","tempPath":"./processed-image.png","icnsPath":"../src-tauri/icons/icon.icns","pubBody":"Package for personal use only, please do not use for commercial purposes（打包仅限个人使用，请勿传播或商业用途，否则后果自负）","isHtml":true,"single":true,"state":true,"injectJq":false,"tauriApi":false,"buildMethod":"cloud","debug":false}}